Mim|mim@123gmail.com|1234|universityManagement|Nitu|nitu@234gmail.com|2345|universityManagement|Tasnim|tasu@gmail.com|6666|universityManagement|Dipto|dipto@gmail.oom|7777|universityManagement|shaikat|shaikat@123gmail.com|3456|universityManagement|nazim|asif@gmail.com|1234|administration|nayem|asas@as.com|nayem|student|student|asd@asd.com|student|student|sdfsdf|sdfssdf|sdfssdf|universityManagement|sdfsdf|sdfssdf|sdfssdf|universityManagement|asifahamed|nayeemislam221@gmail.com|StudentResult|student|abeer|abir@aiub.edu|abeer|universityManagement|wazir|wazir123@gmail.com|Nayeem221@|student|Nayeem|nayeem@aiub.edu|nayeem|student|Billal Uddin|billal@aa.com|billal|universityManagement|Yasin|yasinsharif@gmail.com|1234|student|rizwan|rizwan@gmail.com|rizwan|student|nicol|nicol@gmail.com|1234|universityManagement|ridoy|ridoy@gmail.com|12345|universityManagement|rick|rick@gmail.com|rick|universityManagement|ridoyzaman |nayeem221@gmail.com|Nayeem221@|universityManagement|rizol|rizol@gmail.com|1234|universityManagement|Asif Ahamed|contact@asifahamed.com|asifahamed|universityManagement|noyon|noyon@gmail.com|1234|universityManagement|Nayeem|nayeem221@gmail.com|1234|student|Nayeem|nayeem@aiub.edu|nayeem|student|Ares|arifinhussain001@gmail.com|1234|universityManagement|Arif|arifinhussain001@gmail.com|1234|universityManagement